date,collector_number,name,tcg_foil_low,tcg_foil_market,manapool_foil,manapool_qty
2026-08-17,53,Dawn of a New Age (Borderless) (Surge Foil),18.21,25.64,27,7
2026-08-17,54,Flowering of the White Tree (Borderless) (Surge Foil),45.49,74.16,59.98,13
2026-08-17,55,The Gaffer (Borderless) (Surge Foil),33.5,35.87,36.76,14
2026-08-17,56,Galadriel's Dismissal (Borderless) (Surge Foil),100,120.85,116,12
2026-08-17,57,Reprieve (Borderless) (Surge Foil),13.73,17.73,15.54,14
2026-08-17,58,Raise the Palisade (Borderless) (Surge Foil),27,29.02,25.73,9
2026-08-17,59,Orcish Bowmasters (Borderless) (Surge Foil),200,250.63,218.56,13
2026-08-17,60,Witch-king of Angmar (Borderless) (Surge Foil),38,52.7,50.01,11
2026-08-17,61,"Witch-king, Bringer of Ruin (Borderless) (Surge Foil)",79.1,88.9,82.9,20
2026-08-17,62,Call Forth the Tempest (Borderless) (Surge Foil),49.47,54.6,49.26,14
2026-08-17,63,Cavern-Hoard Dragon (Borderless) (Surge Foil),63.98,70.04,54.98,9
2026-08-17,64,"Arwen, Weaver of Hope (Borderless) (Surge Foil)",30,42.4,39.94,10
2026-08-17,65,Delighted Halfling (Borderless) (Surge Foil),65.71,85.92,69.98,14
2026-08-17,66,Elven Chorus (Borderless) (Surge Foil),18.5,22.73,19.79,15
2026-08-17,67,Last March of the Ents (Borderless) (Surge Foil),59.99,66.38,63.68,8
2026-08-17,68,"Aragorn and Arwen, Wed (Borderless) (Surge Foil)",0.53,13.97,24.12,16
2026-08-17,69,"Aragorn, the Uniter (Borderless) (Surge Foil)",30,45.93,39.94,16
2026-08-17,70,"Arwen, Mortal Queen (Borderless) (Surge Foil)",28.45,32.78,29.4,13
2026-08-17,71,Flame of Anor (Borderless) (Surge Foil),39.48,42,43.68,9
2026-08-17,72,"Galadriel, Light of Valinor (Borderless) (Surge Foil)",129.99,144.79,136.94,8
2026-08-17,73,"Grima, Saruman's Footman (Borderless) (Surge Foil)",12.89,23.61,13.91,12
2026-08-17,74,"Lotho, Corrupt Shirriff (Borderless) (Surge Foil)",56,66.64,58,17
2026-08-17,75,Saruman of Many Colors (Borderless) (Surge Foil),31.65,42.7,34.85,13
2026-08-17,76,"Sauron, the Dark Lord (Borderless) (Surge Foil)",150,186.49,160.49,20
2026-08-17,77,"Sauron, the Lidless Eye (Borderless) (Surge Foil)",24.99,27.82,39.98,11
2026-08-17,78,Tom Bombadil (Borderless) (Surge Foil),28.08,52.25,69.69,9
2026-08-17,79,"Anduril, Flame of the West (Borderless) (Surge Foil)",26.46,28.13,28.11,13
2026-08-17,80,"Anduril, Narsil Reforged (Borderless) (Surge Foil)",30,48.5,37.21,89
2026-08-17,81,Bilbo's Ring (Borderless) (Surge Foil),32.4,33.75,33.71,14
2026-08-17,82,Glamdring (Borderless) (Surge Foil),29.68,29.84,28.98,21
2026-08-17,83,Mithril Coat (Borderless) (Surge Foil),70.78,81.2,70.69,9
2026-08-17,84,The One Ring (Borderless) (Surge Foil),399.99,431.27,450,5
2026-08-17,85,Palantir of Orthanc (Borderless) (Surge Foil),97.75,121.14,99.89,10
2026-08-17,86,Relic of Sauron (Borderless) (Surge Foil),38.49,45.68,42,4
2026-08-17,87,The Black Gate (Borderless) (Surge Foil),47.48,55.82,49.5,7
2026-08-17,88,"Minas Morgul, Dark Fortress (Borderless) (Surge Foil)",45,66.97,42,14
2026-08-17,89,Minas Tirith (Borderless) (Surge Foil),0.45,19.27,47.98,8
2026-08-17,90,Mount Doom (Borderless) (Surge Foil),36.4,42.32,37.4,16
2026-08-17,91,Rivendell (Borderless) (Surge Foil),22,24.58,25.51,7
2026-08-17,92,The Shire (Borderless) (Surge Foil),17.74,27.61,27.03,17
2026-08-17,53,Dawn of a New Age (Borderless) (Surge Foil),18.21,25.64,27,7
2026-08-17,54,Flowering of the White Tree (Borderless) (Surge Foil),45.49,74.16,59.98,13
2026-08-17,55,The Gaffer (Borderless) (Surge Foil),33.5,35.87,36.76,14
2026-08-17,56,Galadriel's Dismissal (Borderless) (Surge Foil),100,120.85,116,12
2026-08-17,57,Reprieve (Borderless) (Surge Foil),13.73,17.73,15.54,14
2026-08-17,58,Raise the Palisade (Borderless) (Surge Foil),27,29.02,25.73,9
2026-08-17,59,Orcish Bowmasters (Borderless) (Surge Foil),200,250.63,218.56,13
2026-08-17,60,Witch-king of Angmar (Borderless) (Surge Foil),38,52.7,50.01,11
2026-08-17,61,"Witch-king, Bringer of Ruin (Borderless) (Surge Foil)",79.1,88.9,82.9,20
2026-08-17,62,Call Forth the Tempest (Borderless) (Surge Foil),49.47,54.6,49.26,14
2026-08-17,63,Cavern-Hoard Dragon (Borderless) (Surge Foil),63.98,70.04,54.98,9
2026-08-17,64,"Arwen, Weaver of Hope (Borderless) (Surge Foil)",30,42.4,39.94,10
2026-08-17,65,Delighted Halfling (Borderless) (Surge Foil),65.71,85.92,69.98,14
2026-08-17,66,Elven Chorus (Borderless) (Surge Foil),18.5,22.73,19.79,15
2026-08-17,67,Last March of the Ents (Borderless) (Surge Foil),59.99,66.38,63.68,8
2026-08-17,68,"Aragorn and Arwen, Wed (Borderless) (Surge Foil)",0.53,13.97,24.12,16
2026-08-17,69,"Aragorn, the Uniter (Borderless) (Surge Foil)",30,45.93,39.94,16
2026-08-17,70,"Arwen, Mortal Queen (Borderless) (Surge Foil)",28.45,32.78,29.4,13
2026-08-17,71,Flame of Anor (Borderless) (Surge Foil),39.48,42,43.68,9
2026-08-17,72,"Galadriel, Light of Valinor (Borderless) (Surge Foil)",129.99,144.79,136.94,8
2026-08-17,73,"Grima, Saruman's Footman (Borderless) (Surge Foil)",12.89,23.61,13.91,12
2026-08-17,74,"Lotho, Corrupt Shirriff (Borderless) (Surge Foil)",56,66.64,58,17
2026-08-17,75,Saruman of Many Colors (Borderless) (Surge Foil),31.65,42.7,34.85,13
2026-08-17,76,"Sauron, the Dark Lord (Borderless) (Surge Foil)",150,186.49,160.49,20
2026-08-17,77,"Sauron, the Lidless Eye (Borderless) (Surge Foil)",24.99,27.82,39.98,11
2026-08-17,78,Tom Bombadil (Borderless) (Surge Foil),28.08,52.25,69.69,9
2026-08-17,79,"Anduril, Flame of the West (Borderless) (Surge Foil)",26.46,28.13,28.11,13
2026-08-17,80,"Anduril, Narsil Reforged (Borderless) (Surge Foil)",30,48.5,37.21,89
2026-08-17,81,Bilbo's Ring (Borderless) (Surge Foil),32.4,33.75,33.71,14
2026-08-17,82,Glamdring (Borderless) (Surge Foil),29.68,29.84,28.98,21
2026-08-17,83,Mithril Coat (Borderless) (Surge Foil),70.78,81.2,70.69,9
2026-08-17,84,The One Ring (Borderless) (Surge Foil),399.99,431.27,450,5
2026-08-17,85,Palantir of Orthanc (Borderless) (Surge Foil),97.75,121.14,99.89,10
2026-08-17,86,Relic of Sauron (Borderless) (Surge Foil),38.49,45.68,42,4
2026-08-17,87,The Black Gate (Borderless) (Surge Foil),47.48,55.82,49.5,7
2026-08-17,88,"Minas Morgul, Dark Fortress (Borderless) (Surge Foil)",45,66.97,42,14
2026-08-17,89,Minas Tirith (Borderless) (Surge Foil),0.45,19.27,47.98,8
2026-08-17,90,Mount Doom (Borderless) (Surge Foil),36.4,42.32,37.4,16
2026-08-17,91,Rivendell (Borderless) (Surge Foil),22,24.58,25.51,7
2026-08-17,92,The Shire (Borderless) (Surge Foil),17.74,27.61,27.03,17
2026-08-18,53,Dawn of a New Age (Borderless) (Surge Foil),18.21,24.96,26.21,7
2026-08-18,54,Flowering of the White Tree (Borderless) (Surge Foil),45.49,71.15,58.7,13
2026-08-18,55,The Gaffer (Borderless) (Surge Foil),31.31,35.04,36.43,13
2026-08-18,56,Galadriel's Dismissal (Borderless) (Surge Foil),100,119.6,116,12
2026-08-18,57,Reprieve (Borderless) (Surge Foil),13.73,17.12,15.54,14
2026-08-18,58,Raise the Palisade (Borderless) (Surge Foil),25.97,28.81,25.73,9
2026-08-18,59,Orcish Bowmasters (Borderless) (Surge Foil),200,238.26,237.5,13
2026-08-18,60,Witch-king of Angmar (Borderless) (Surge Foil),38,53.61,50.01,12
2026-08-18,61,"Witch-king, Bringer of Ruin (Borderless) (Surge Foil)",79.1,88.26,82.9,21
2026-08-18,62,Call Forth the Tempest (Borderless) (Surge Foil),49.47,54.6,49,14
2026-08-18,63,Cavern-Hoard Dragon (Borderless) (Surge Foil),63.98,68.47,51.75,10
2026-08-18,64,"Arwen, Weaver of Hope (Borderless) (Surge Foil)",30,40.06,39.92,9
2026-08-18,65,Delighted Halfling (Borderless) (Surge Foil),58.37,74.19,69.97,15
2026-08-18,66,Elven Chorus (Borderless) (Surge Foil),18.5,22.62,19.79,14
2026-08-18,67,Last March of the Ents (Borderless) (Surge Foil),59.99,66.06,63.68,7
2026-08-18,68,"Aragorn and Arwen, Wed (Borderless) (Surge Foil)",0.53,15.79,23.51,16
2026-08-18,69,"Aragorn, the Uniter (Borderless) (Surge Foil)",30,43.81,36.4,17
2026-08-18,70,"Arwen, Mortal Queen (Borderless) (Surge Foil)",28.44,32.3,29.39,12
2026-08-18,71,Flame of Anor (Borderless) (Surge Foil),29.49,38.61,40.16,9
2026-08-18,72,"Galadriel, Light of Valinor (Borderless) (Surge Foil)",129.99,141.4,136.94,8
2026-08-18,73,"Grima, Saruman's Footman (Borderless) (Surge Foil)",8.35,21.24,13.91,12
2026-08-18,74,"Lotho, Corrupt Shirriff (Borderless) (Surge Foil)",50.95,61.66,53.04,16
2026-08-18,75,Saruman of Many Colors (Borderless) (Surge Foil),31.13,41.73,34.85,13
2026-08-18,76,"Sauron, the Dark Lord (Borderless) (Surge Foil)",150,180.83,160.49,20
2026-08-18,77,"Sauron, the Lidless Eye (Borderless) (Surge Foil)",24.99,27.75,39.98,11
2026-08-18,78,Tom Bombadil (Borderless) (Surge Foil),41.57,61.22,69.69,9
2026-08-18,79,"Anduril, Flame of the West (Borderless) (Surge Foil)",26.46,28.16,28.11,13
2026-08-18,80,"Anduril, Narsil Reforged (Borderless) (Surge Foil)",30,44.56,37.21,89
2026-08-18,81,Bilbo's Ring (Borderless) (Surge Foil),28.88,32.94,32.95,14
2026-08-18,82,Glamdring (Borderless) (Surge Foil),23,27.56,28.96,21
2026-08-18,83,Mithril Coat (Borderless) (Surge Foil),65,79.74,66.62,9
2026-08-18,84,The One Ring (Borderless) (Surge Foil),399.99,426.22,450,5
2026-08-18,85,Palantir of Orthanc (Borderless) (Surge Foil),95.16,112.02,99.89,12
2026-08-18,86,Relic of Sauron (Borderless) (Surge Foil),38.49,44.92,42,4
2026-08-18,87,The Black Gate (Borderless) (Surge Foil),45.58,52.68,49.5,7
2026-08-18,88,"Minas Morgul, Dark Fortress (Borderless) (Surge Foil)",42,63.79,42,14
2026-08-18,89,Minas Tirith (Borderless) (Surge Foil),0.45,19.86,47.97,8
2026-08-18,90,Mount Doom (Borderless) (Surge Foil),36.01,41.32,37.4,16
2026-08-18,91,Rivendell (Borderless) (Surge Foil),22,24.48,25.46,7
2026-08-18,92,The Shire (Borderless) (Surge Foil),16.33,22.88,26.25,17
2026-08-18,53,Dawn of a New Age (Borderless) (Surge Foil),18.21,24.96,26.21,7
2026-08-18,54,Flowering of the White Tree (Borderless) (Surge Foil),45.49,71.15,58.7,13
2026-08-18,55,The Gaffer (Borderless) (Surge Foil),31.31,35.04,36.43,13
2026-08-18,56,Galadriel's Dismissal (Borderless) (Surge Foil),100,119.6,116,12
2026-08-18,57,Reprieve (Borderless) (Surge Foil),13.73,17.12,15.54,14
2026-08-18,58,Raise the Palisade (Borderless) (Surge Foil),25.97,28.81,25.73,9
2026-08-18,59,Orcish Bowmasters (Borderless) (Surge Foil),200,238.26,237.5,13
2026-08-18,60,Witch-king of Angmar (Borderless) (Surge Foil),38,53.61,50.01,12
2026-08-18,61,"Witch-king, Bringer of Ruin (Borderless) (Surge Foil)",79.1,88.26,82.9,21
2026-08-18,62,Call Forth the Tempest (Borderless) (Surge Foil),49.47,54.6,49,14
2026-08-18,63,Cavern-Hoard Dragon (Borderless) (Surge Foil),63.98,68.47,51.75,10
2026-08-18,64,"Arwen, Weaver of Hope (Borderless) (Surge Foil)",30,40.06,39.92,9
2026-08-18,65,Delighted Halfling (Borderless) (Surge Foil),58.37,74.19,69.97,15
2026-08-18,66,Elven Chorus (Borderless) (Surge Foil),18.5,22.62,19.79,14
2026-08-18,67,Last March of the Ents (Borderless) (Surge Foil),59.99,66.06,63.68,7
2026-08-18,68,"Aragorn and Arwen, Wed (Borderless) (Surge Foil)",0.53,15.79,23.51,16
2026-08-18,69,"Aragorn, the Uniter (Borderless) (Surge Foil)",30,43.81,36.4,17
2026-08-18,70,"Arwen, Mortal Queen (Borderless) (Surge Foil)",28.44,32.3,29.39,12
2026-08-18,71,Flame of Anor (Borderless) (Surge Foil),29.49,38.61,40.16,9
2026-08-18,72,"Galadriel, Light of Valinor (Borderless) (Surge Foil)",129.99,141.4,136.94,8
2026-08-18,73,"Grima, Saruman's Footman (Borderless) (Surge Foil)",8.35,21.24,13.91,12
2026-08-18,74,"Lotho, Corrupt Shirriff (Borderless) (Surge Foil)",50.95,61.66,53.04,16
2026-08-18,75,Saruman of Many Colors (Borderless) (Surge Foil),31.13,41.73,34.85,13
2026-08-18,76,"Sauron, the Dark Lord (Borderless) (Surge Foil)",150,180.83,160.49,20
2026-08-18,77,"Sauron, the Lidless Eye (Borderless) (Surge Foil)",24.99,27.75,39.98,11
2026-08-18,78,Tom Bombadil (Borderless) (Surge Foil),41.57,61.22,69.69,9
2026-08-18,79,"Anduril, Flame of the West (Borderless) (Surge Foil)",26.46,28.16,28.11,13
2026-08-18,80,"Anduril, Narsil Reforged (Borderless) (Surge Foil)",30,44.56,37.21,89
2026-08-18,81,Bilbo's Ring (Borderless) (Surge Foil),28.88,32.94,32.95,14
2026-08-18,82,Glamdring (Borderless) (Surge Foil),23,27.56,28.96,21
2026-08-18,83,Mithril Coat (Borderless) (Surge Foil),65,79.74,66.62,9
2026-08-18,84,The One Ring (Borderless) (Surge Foil),399.99,426.22,450,5
2026-08-18,85,Palantir of Orthanc (Borderless) (Surge Foil),95.16,112.02,99.89,12
2026-08-18,86,Relic of Sauron (Borderless) (Surge Foil),38.49,44.92,42,4
2026-08-18,87,The Black Gate (Borderless) (Surge Foil),45.58,52.68,49.5,7
2026-08-18,88,"Minas Morgul, Dark Fortress (Borderless) (Surge Foil)",42,63.79,42,14
2026-08-18,89,Minas Tirith (Borderless) (Surge Foil),0.45,19.86,47.97,8
2026-08-18,90,Mount Doom (Borderless) (Surge Foil),36.01,41.32,37.4,16
2026-08-18,91,Rivendell (Borderless) (Surge Foil),22,24.48,25.46,7
2026-08-18,92,The Shire (Borderless) (Surge Foil),16.33,22.88,26.25,17
2026-08-19,53,Dawn of a New Age (Borderless) (Surge Foil),14,21.57,22.23,8
2026-08-19,54,Flowering of the White Tree (Borderless) (Surge Foil),45.49,66.71,47.3,13
2026-08-19,55,The Gaffer (Borderless) (Surge Foil),31.31,34.76,36.17,16
2026-08-19,56,Galadriel's Dismissal (Borderless) (Surge Foil),100,116.63,104.84,12
2026-08-19,57,Reprieve (Borderless) (Surge Foil),13.73,15.54,14.18,14
2026-08-19,58,Raise the Palisade (Borderless) (Surge Foil),25.97,28.69,25.97,10
2026-08-19,59,Orcish Bowmasters (Borderless) (Surge Foil),200,232.88,222,15
2026-08-19,60,Witch-king of Angmar (Borderless) (Surge Foil),35.01,49.68,41.46,12
2026-08-19,61,"Witch-king, Bringer of Ruin (Borderless) (Surge Foil)",71.99,85.94,80.44,23
2026-08-19,62,Call Forth the Tempest (Borderless) (Surge Foil),46.1,52.52,48.9,15
2026-08-19,63,Cavern-Hoard Dragon (Borderless) (Surge Foil),63.98,67.84,55,8
2026-08-19,64,"Arwen, Weaver of Hope (Borderless) (Surge Foil)",30,38,39.53,9
2026-08-19,65,Delighted Halfling (Borderless) (Surge Foil),58.37,65.01,60,16
2026-08-19,66,Elven Chorus (Borderless) (Surge Foil),18.5,22.59,18.39,13
2026-08-19,67,Last March of the Ents (Borderless) (Surge Foil),53.89,66.28,63.68,7
2026-08-19,68,"Aragorn and Arwen, Wed (Borderless) (Surge Foil)",0.53,16.37,17.06,15
2026-08-19,69,"Aragorn, the Uniter (Borderless) (Surge Foil)",30,42.92,36.4,19
2026-08-19,70,"Arwen, Mortal Queen (Borderless) (Surge Foil)",27,31.63,29.39,11
2026-08-19,71,Flame of Anor (Borderless) (Surge Foil),26.2,35.28,36.69,10
2026-08-19,72,"Galadriel, Light of Valinor (Borderless) (Surge Foil)",129.99,139.05,139.99,5
2026-08-19,73,"Grima, Saruman's Footman (Borderless) (Surge Foil)",12.89,20.3,13.85,12
2026-08-19,74,"Lotho, Corrupt Shirriff (Borderless) (Surge Foil)",44,57.27,48.75,16
2026-08-19,75,Saruman of Many Colors (Borderless) (Surge Foil),28.28,40.7,34.85,15
2026-08-19,76,"Sauron, the Dark Lord (Borderless) (Surge Foil)",150,176.35,154.99,22
2026-08-19,77,"Sauron, the Lidless Eye (Borderless) (Surge Foil)",22,25.97,38.99,11
2026-08-19,78,Tom Bombadil (Borderless) (Surge Foil),47,59.96,67.1,10
2026-08-19,79,"Anduril, Flame of the West (Borderless) (Surge Foil)",22.01,27.14,21.98,14
2026-08-19,80,"Anduril, Narsil Reforged (Borderless) (Surge Foil)",28,43.11,34.04,21
2026-08-19,81,Bilbo's Ring (Borderless) (Surge Foil),28.88,32.02,32.05,15
2026-08-19,82,Glamdring (Borderless) (Surge Foil),22.74,25.63,25.6,21
2026-08-19,83,Mithril Coat (Borderless) (Surge Foil),64.3,76.1,66.62,9
2026-08-19,84,The One Ring (Borderless) (Surge Foil),399.99,432.35,447.53,5
2026-08-19,85,Palantir of Orthanc (Borderless) (Surge Foil),83.18,103.29,82.75,13
2026-08-19,86,Relic of Sauron (Borderless) (Surge Foil),38.5,42.76,42,5
2026-08-19,87,The Black Gate (Borderless) (Surge Foil),45.58,51.8,43.5,7
2026-08-19,88,"Minas Morgul, Dark Fortress (Borderless) (Surge Foil)",41.92,58.57,39.6,17
2026-08-19,89,Minas Tirith (Borderless) (Surge Foil),0.5,22.72,47.97,9
2026-08-19,90,Mount Doom (Borderless) (Surge Foil),35,39.7,36.41,16
2026-08-19,91,Rivendell (Borderless) (Surge Foil),22,24.46,25.46,7
2026-08-19,92,The Shire (Borderless) (Surge Foil),16,18.19,18.95,18
2026-08-20,53,Dawn of a New Age (Borderless) (Surge Foil),13.3,19.67,20.65,7
2026-08-20,54,Flowering of the White Tree (Borderless) (Surge Foil),40,62.46,50,12
2026-08-20,55,The Gaffer (Borderless) (Surge Foil),30.42,33.97,35.33,16
2026-08-20,56,Galadriel's Dismissal (Borderless) (Surge Foil),87.85,111.02,104.82,13
2026-08-20,57,Reprieve (Borderless) (Surge Foil),13.49,14.99,13.74,14
2026-08-20,58,Raise the Palisade (Borderless) (Surge Foil),25.75,28.33,25.21,12
2026-08-20,59,Orcish Bowmasters (Borderless) (Surge Foil),200,208.78,206.7,15
2026-08-20,60,Witch-king of Angmar (Borderless) (Surge Foil),35.01,42.95,42.7,11
2026-08-20,61,"Witch-king, Bringer of Ruin (Borderless) (Surge Foil)",71.95,85.16,78.03,24
2026-08-20,62,Call Forth the Tempest (Borderless) (Surge Foil),44.78,50.97,46.59,16
2026-08-20,63,Cavern-Hoard Dragon (Borderless) (Surge Foil),63.98,67.34,57,5
2026-08-20,64,"Arwen, Weaver of Hope (Borderless) (Surge Foil)",34,36.71,38.16,9
2026-08-20,65,Delighted Halfling (Borderless) (Surge Foil),54.99,62.65,62.67,14
2026-08-20,66,Elven Chorus (Borderless) (Surge Foil),17.27,22.2,17.83,13
2026-08-20,67,Last March of the Ents (Borderless) (Surge Foil),53.89,65.54,63.04,8
2026-08-20,68,"Aragorn and Arwen, Wed (Borderless) (Surge Foil)",0.53,17.41,17.27,14
2026-08-20,69,"Aragorn, the Uniter (Borderless) (Surge Foil)",30,35.73,34.38,20
2026-08-20,70,"Arwen, Mortal Queen (Borderless) (Surge Foil)",24.99,30.92,29.4,10
2026-08-20,71,Flame of Anor (Borderless) (Surge Foil),26.2,33.29,31.63,11
2026-08-20,72,"Galadriel, Light of Valinor (Borderless) (Surge Foil)",129.99,139.79,143.54,3
2026-08-20,73,"Grima, Saruman's Footman (Borderless) (Surge Foil)",12.35,16.09,13.99,12
2026-08-20,74,"Lotho, Corrupt Shirriff (Borderless) (Surge Foil)",44,49.81,49.42,19
2026-08-20,75,Saruman of Many Colors (Borderless) (Surge Foil),24.98,34.62,34.85,16
2026-08-20,76,"Sauron, the Dark Lord (Borderless) (Surge Foil)",150,164.55,151.98,22
2026-08-20,77,"Sauron, the Lidless Eye (Borderless) (Surge Foil)",22,25.97,38.98,11
2026-08-20,78,Tom Bombadil (Borderless) (Surge Foil),47.88,62.05,58.98,11
2026-08-20,79,"Anduril, Flame of the West (Borderless) (Surge Foil)",18.7,25.19,21.99,15
2026-08-20,80,"Anduril, Narsil Reforged (Borderless) (Surge Foil)",28,41.43,32.75,20
2026-08-20,81,Bilbo's Ring (Borderless) (Surge Foil),25,29.16,29.4,15
2026-08-20,82,Glamdring (Borderless) (Surge Foil),21.95,24.01,23.98,22
2026-08-20,83,Mithril Coat (Borderless) (Surge Foil),64.3,74.22,64.96,9
2026-08-20,84,The One Ring (Borderless) (Surge Foil),411.69,436.25,423.54,3
2026-08-20,85,Palantir of Orthanc (Borderless) (Surge Foil),78,96.95,80.26,15
2026-08-20,86,Relic of Sauron (Borderless) (Surge Foil),39.99,42.62,42,5
2026-08-20,87,The Black Gate (Borderless) (Surge Foil),45.49,50.62,43,9
2026-08-20,88,"Minas Morgul, Dark Fortress (Borderless) (Surge Foil)",40.42,44.62,39.19,17
2026-08-20,89,Minas Tirith (Borderless) (Surge Foil),6.66,25.99,47.97,9
2026-08-20,90,Mount Doom (Borderless) (Surge Foil),34,39.09,36.4,17
2026-08-20,91,Rivendell (Borderless) (Surge Foil),22.22,23.62,22.26,6
2026-08-20,92,The Shire (Borderless) (Surge Foil),15.5,17.65,17.84,18
2026-08-21,53,Dawn of a New Age (Borderless) (Surge Foil),13.3,18.26,18.74,7
2026-08-21,54,Flowering of the White Tree (Borderless) (Surge Foil),34.75,49.01,56.95,11
2026-08-21,55,The Gaffer (Borderless) (Surge Foil),28.67,32.53,34.28,16
2026-08-21,56,Galadriel's Dismissal (Borderless) (Surge Foil),87.85,98.7,99.23,12
2026-08-21,57,Reprieve (Borderless) (Surge Foil),13.49,15.1,15.54,8
2026-08-21,58,Raise the Palisade (Borderless) (Surge Foil),25.75,28.07,25.73,9
2026-08-21,59,Orcish Bowmasters (Borderless) (Surge Foil),195.01,205.43,200,15
2026-08-21,60,Witch-king of Angmar (Borderless) (Surge Foil),35.01,40.58,39.62,12
2026-08-21,61,"Witch-king, Bringer of Ruin (Borderless) (Surge Foil)",65,81.34,77.15,21
2026-08-21,62,Call Forth the Tempest (Borderless) (Surge Foil),42.95,48.36,44.98,15
2026-08-21,63,Cavern-Hoard Dragon (Borderless) (Surge Foil),64.64,66.86,64.32,3
2026-08-21,64,"Arwen, Weaver of Hope (Borderless) (Surge Foil)",34,36.25,37.69,9
2026-08-21,65,Delighted Halfling (Borderless) (Surge Foil),54.99,61.92,61.91,15
2026-08-21,66,Elven Chorus (Borderless) (Surge Foil),14.26,19.52,17.47,13
2026-08-21,67,Last March of the Ents (Borderless) (Surge Foil),53.89,64.44,62.38,6
2026-08-21,68,"Aragorn and Arwen, Wed (Borderless) (Surge Foil)",13.2,16.02,14.66,14
2026-08-21,69,"Aragorn, the Uniter (Borderless) (Surge Foil)",30.99,35.98,31.99,21
2026-08-21,70,"Arwen, Mortal Queen (Borderless) (Surge Foil)",24.99,30.61,30.18,10
2026-08-21,71,Flame of Anor (Borderless) (Surge Foil),26.2,29.2,30.39,11
2026-08-21,72,"Galadriel, Light of Valinor (Borderless) (Surge Foil)",139.6,164.83,296,2
2026-08-21,73,"Grima, Saruman's Footman (Borderless) (Surge Foil)",12.35,14.54,13.99,13
2026-08-21,74,"Lotho, Corrupt Shirriff (Borderless) (Surge Foil)",43.46,47.21,46.29,19
2026-08-21,75,Saruman of Many Colors (Borderless) (Surge Foil),24.17,27.6,29,14
2026-08-21,76,"Sauron, the Dark Lord (Borderless) (Surge Foil)",150,157.21,150,21
2026-08-21,77,"Sauron, the Lidless Eye (Borderless) (Surge Foil)",21.99,23.76,22.98,10
2026-08-21,78,Tom Bombadil (Borderless) (Surge Foil),57,60.19,65,9
2026-08-21,79,"Anduril, Flame of the West (Borderless) (Surge Foil)",14.9,22.17,23,14
2026-08-21,80,"Anduril, Narsil Reforged (Borderless) (Surge Foil)",27,37.69,32.34,20
2026-08-21,81,Bilbo's Ring (Borderless) (Surge Foil),23.25,27.83,29.47,13
2026-08-21,82,Glamdring (Borderless) (Surge Foil),20.4,23.2,23.33,21
2026-08-21,83,Mithril Coat (Borderless) (Surge Foil),62,67.99,67.6,9
2026-08-21,84,The One Ring (Borderless) (Surge Foil),420.2,479.39,475,1
2026-08-21,85,Palantir of Orthanc (Borderless) (Surge Foil),78,94.4,78.65,12
2026-08-21,86,Relic of Sauron (Borderless) (Surge Foil),37,42.01,42,7
2026-08-21,87,The Black Gate (Borderless) (Surge Foil),42,49.35,43.49,8
2026-08-21,88,"Minas Morgul, Dark Fortress (Borderless) (Surge Foil)",40.42,43.95,38.99,17
2026-08-21,89,Minas Tirith (Borderless) (Surge Foil),15.61,21.2,45.42,7
2026-08-21,90,Mount Doom (Borderless) (Surge Foil),30,36,31.99,18
2026-08-21,91,Rivendell (Borderless) (Surge Foil),22.5,24.33,25.3,4
2026-08-21,92,The Shire (Borderless) (Surge Foil),15.5,17.51,17,14
2026-08-22,53,Dawn of a New Age (Borderless) (Surge Foil),13.3,18.26,18.74,7
2026-08-22,54,Flowering of the White Tree (Borderless) (Surge Foil),34.75,49.01,56.94,11
2026-08-22,55,The Gaffer (Borderless) (Surge Foil),28.67,32.53,34.28,15
2026-08-22,56,Galadriel's Dismissal (Borderless) (Surge Foil),87.85,98.7,99.23,12
2026-08-22,57,Reprieve (Borderless) (Surge Foil),13.49,15.1,15.54,8
2026-08-22,58,Raise the Palisade (Borderless) (Surge Foil),25.75,28.07,25.73,9
2026-08-22,59,Orcish Bowmasters (Borderless) (Surge Foil),195.01,205.43,200,14
2026-08-22,60,Witch-king of Angmar (Borderless) (Surge Foil),35.01,40.58,39.62,11
2026-08-22,61,"Witch-king, Bringer of Ruin (Borderless) (Surge Foil)",65,81.34,77.14,21
2026-08-22,62,Call Forth the Tempest (Borderless) (Surge Foil),42.95,48.36,44.98,14
2026-08-22,63,Cavern-Hoard Dragon (Borderless) (Surge Foil),64.64,66.86,64.32,3
2026-08-22,64,"Arwen, Weaver of Hope (Borderless) (Surge Foil)",34,36.25,37.69,9
2026-08-22,65,Delighted Halfling (Borderless) (Surge Foil),54.99,61.92,61.91,15
2026-08-22,66,Elven Chorus (Borderless) (Surge Foil),14.26,19.52,17.82,12
2026-08-22,67,Last March of the Ents (Borderless) (Surge Foil),53.89,64.44,62.38,4
2026-08-22,68,"Aragorn and Arwen, Wed (Borderless) (Surge Foil)",13.2,16.02,14.81,13
2026-08-22,69,"Aragorn, the Uniter (Borderless) (Surge Foil)",30.99,35.98,31.99,21
2026-08-22,70,"Arwen, Mortal Queen (Borderless) (Surge Foil)",24.99,30.61,30.3,9
2026-08-22,71,Flame of Anor (Borderless) (Surge Foil),26.2,29.2,30.39,13
2026-08-22,72,"Galadriel, Light of Valinor (Borderless) (Surge Foil)",139.6,164.83,296,2
2026-08-22,73,"Grima, Saruman's Footman (Borderless) (Surge Foil)",12.35,14.54,13.99,13
2026-08-22,74,"Lotho, Corrupt Shirriff (Borderless) (Surge Foil)",43.46,47.21,46.29,18
2026-08-22,75,Saruman of Many Colors (Borderless) (Surge Foil),24.17,27.6,29,15
2026-08-22,76,"Sauron, the Dark Lord (Borderless) (Surge Foil)",150,157.21,150,21
2026-08-22,77,"Sauron, the Lidless Eye (Borderless) (Surge Foil)",21.99,23.76,22.98,9
2026-08-22,78,Tom Bombadil (Borderless) (Surge Foil),57,60.19,65,9
2026-08-22,79,"Anduril, Flame of the West (Borderless) (Surge Foil)",14.9,22.17,22.17,14
2026-08-22,80,"Anduril, Narsil Reforged (Borderless) (Surge Foil)",27,37.69,32.34,19
2026-08-22,81,Bilbo's Ring (Borderless) (Surge Foil),23.25,27.83,29.47,13
2026-08-22,82,Glamdring (Borderless) (Surge Foil),20.4,23.2,23.2,21
2026-08-22,83,Mithril Coat (Borderless) (Surge Foil),62,67.99,67.6,9
2026-08-22,84,The One Ring (Borderless) (Surge Foil),420.2,479.39,475,1
2026-08-22,85,Palantir of Orthanc (Borderless) (Surge Foil),78,94.4,78.65,12
2026-08-22,86,Relic of Sauron (Borderless) (Surge Foil),37,42.01,42,6
2026-08-22,87,The Black Gate (Borderless) (Surge Foil),42,49.35,43.49,8
2026-08-22,88,"Minas Morgul, Dark Fortress (Borderless) (Surge Foil)",40.42,43.95,38.6,17
2026-08-22,89,Minas Tirith (Borderless) (Surge Foil),15.61,21.2,45.42,6
2026-08-22,90,Mount Doom (Borderless) (Surge Foil),30,36,31.99,18
2026-08-22,91,Rivendell (Borderless) (Surge Foil),22.5,24.33,25.3,4
2026-08-22,92,The Shire (Borderless) (Surge Foil),15.5,17.51,17,13
2026-08-23,53,Dawn of a New Age (Borderless) (Surge Foil),13.3,16.56,19.16,8
2026-08-23,54,Flowering of the White Tree (Borderless) (Surge Foil),34.75,44.58,56.49,10
2026-08-23,55,The Gaffer (Borderless) (Surge Foil),25,31.37,34.67,15
2026-08-23,56,Galadriel's Dismissal (Borderless) (Surge Foil),87.85,97.42,99,11
2026-08-23,57,Reprieve (Borderless) (Surge Foil),13.49,15.06,15.57,8
2026-08-23,58,Raise the Palisade (Borderless) (Surge Foil),25.75,27.72,25.73,9
2026-08-23,59,Orcish Bowmasters (Borderless) (Surge Foil),195.01,204.11,199.99,14
2026-08-23,60,Witch-king of Angmar (Borderless) (Surge Foil),39,41.42,41.27,10
2026-08-23,61,"Witch-king, Bringer of Ruin (Borderless) (Surge Foil)",62.39,77.21,76.74,21
2026-08-23,62,Call Forth the Tempest (Borderless) (Surge Foil),40,46.86,42.33,16
2026-08-23,63,Cavern-Hoard Dragon (Borderless) (Surge Foil),64.64,66.91,74.05,3
2026-08-23,64,"Arwen, Weaver of Hope (Borderless) (Surge Foil)",34.5,36.2,39.19,7
2026-08-23,65,Delighted Halfling (Borderless) (Surge Foil),54.99,61.39,65,15
2026-08-23,66,Elven Chorus (Borderless) (Surge Foil),14.26,19.5,19.25,11
2026-08-23,67,Last March of the Ents (Borderless) (Surge Foil),53.89,62.89,61.75,7
2026-08-23,68,"Aragorn and Arwen, Wed (Borderless) (Surge Foil)",13.69,16.29,14.65,13
2026-08-23,69,"Aragorn, the Uniter (Borderless) (Surge Foil)",30.99,35.87,29.99,19
2026-08-23,70,"Arwen, Mortal Queen (Borderless) (Surge Foil)",24.99,30.46,29.99,8
2026-08-23,71,Flame of Anor (Borderless) (Surge Foil),24.49,28.62,27.19,14
2026-08-23,72,"Galadriel, Light of Valinor (Borderless) (Surge Foil)",139.6,175.68,296,2
2026-08-23,73,"Grima, Saruman's Footman (Borderless) (Surge Foil)",12.35,14.29,13.99,12
2026-08-23,74,"Lotho, Corrupt Shirriff (Borderless) (Surge Foil)",43.46,46.83,41.76,16
2026-08-23,75,Saruman of Many Colors (Borderless) (Surge Foil),24,26.34,27.99,19
2026-08-23,76,"Sauron, the Dark Lord (Borderless) (Surge Foil)",150,156.23,150,19
2026-08-23,77,"Sauron, the Lidless Eye (Borderless) (Surge Foil)",21.65,23.31,20.69,10
2026-08-23,78,Tom Bombadil (Borderless) (Surge Foil),57.41,61.86,65,8
2026-08-23,79,"Anduril, Flame of the West (Borderless) (Surge Foil)",11.29,20.01,20.01,16
2026-08-23,80,"Anduril, Narsil Reforged (Borderless) (Surge Foil)",26,32.26,25,18
2026-08-23,81,Bilbo's Ring (Borderless) (Surge Foil),21,27.32,25.09,15
2026-08-23,82,Glamdring (Borderless) (Surge Foil),20.19,22.88,22.87,22
2026-08-23,83,Mithril Coat (Borderless) (Surge Foil),62,67.16,68,10
2026-08-23,84,The One Ring (Borderless) (Surge Foil),428.07,511.82,475,1
2026-08-23,85,Palantir of Orthanc (Borderless) (Surge Foil),78,92.41,80,13
2026-08-23,86,Relic of Sauron (Borderless) (Surge Foil),37,42.9,41.45,7
2026-08-23,87,The Black Gate (Borderless) (Surge Foil),42,49.43,43.49,8
2026-08-23,88,"Minas Morgul, Dark Fortress (Borderless) (Surge Foil)",40.42,43.66,38.6,17
2026-08-23,89,Minas Tirith (Borderless) (Surge Foil),15.61,21.2,22.87,7
2026-08-23,90,Mount Doom (Borderless) (Surge Foil),30,34.96,31.99,16
2026-08-23,91,Rivendell (Borderless) (Surge Foil),19.48,24.04,27.77,4
2026-08-23,92,The Shire (Borderless) (Surge Foil),15.5,17.57,17,13
2026-08-24,53,Dawn of a New Age (Borderless) (Surge Foil),13.3,15.41,19.38,8
2026-08-24,54,Flowering of the White Tree (Borderless) (Surge Foil),34.75,42.19,43.99,11
2026-08-24,55,The Gaffer (Borderless) (Surge Foil),25,31.28,27.69,16
2026-08-24,56,Galadriel's Dismissal (Borderless) (Surge Foil),94.58,98.69,99,13
2026-08-24,57,Reprieve (Borderless) (Surge Foil),13.49,15.49,15.57,8
2026-08-24,58,Raise the Palisade (Borderless) (Surge Foil),25.75,27.62,25.73,7
2026-08-24,59,Orcish Bowmasters (Borderless) (Surge Foil),195.01,203.84,199.99,14
2026-08-24,60,Witch-king of Angmar (Borderless) (Surge Foil),39.99,42.19,41.27,9
2026-08-24,61,"Witch-king, Bringer of Ruin (Borderless) (Surge Foil)",62.39,76.05,75.24,24
2026-08-24,62,Call Forth the Tempest (Borderless) (Surge Foil),40,46.86,42,16
2026-08-24,63,Cavern-Hoard Dragon (Borderless) (Surge Foil),64.49,67.48,74.8,2
2026-08-24,64,"Arwen, Weaver of Hope (Borderless) (Surge Foil)",34.5,36.07,39.37,6
2026-08-24,65,Delighted Halfling (Borderless) (Surge Foil),54.99,60.82,61.05,16
2026-08-24,66,Elven Chorus (Borderless) (Surge Foil),14.26,19.44,19.25,12
2026-08-24,67,Last March of the Ents (Borderless) (Surge Foil),53.89,62.5,61.65,8
2026-08-24,68,"Aragorn and Arwen, Wed (Borderless) (Surge Foil)",13.69,16.64,14.65,14
2026-08-24,69,"Aragorn, the Uniter (Borderless) (Surge Foil)",33.55,35.69,29.99,19
2026-08-24,70,"Arwen, Mortal Queen (Borderless) (Surge Foil)",24.99,29.47,29.66,7
2026-08-24,71,Flame of Anor (Borderless) (Surge Foil),24.49,28,26.07,15
2026-08-24,72,"Galadriel, Light of Valinor (Borderless) (Surge Foil)",144.82,186.7,241,2
2026-08-24,73,"Grima, Saruman's Footman (Borderless) (Surge Foil)",11.99,13.85,14.54,10
2026-08-24,74,"Lotho, Corrupt Shirriff (Borderless) (Surge Foil)",38.25,46.58,46.27,16
2026-08-24,75,Saruman of Many Colors (Borderless) (Surge Foil),23.47,25.84,26.99,18
2026-08-24,76,"Sauron, the Dark Lord (Borderless) (Surge Foil)",139.99,154.23,147.5,20
2026-08-24,77,"Sauron, the Lidless Eye (Borderless) (Surge Foil)",21.65,23.01,20.69,10
2026-08-24,78,Tom Bombadil (Borderless) (Surge Foil),58,62.25,63,9
2026-08-24,79,"Anduril, Flame of the West (Borderless) (Surge Foil)",10.67,17.19,17.19,16
2026-08-24,80,"Anduril, Narsil Reforged (Borderless) (Surge Foil)",24.99,30.02,23.69,21
2026-08-24,81,Bilbo's Ring (Borderless) (Surge Foil),19,24.54,22.99,14
2026-08-24,82,Glamdring (Borderless) (Surge Foil),20.19,22.35,22.35,21
2026-08-24,83,Mithril Coat (Borderless) (Surge Foil),62,67.11,68,10
2026-08-24,84,The One Ring (Borderless) (Surge Foil),428.07,511.82,800,1
2026-08-24,85,Palantir of Orthanc (Borderless) (Surge Foil),76.3,88.43,86.4,11
2026-08-24,86,Relic of Sauron (Borderless) (Surge Foil),37,42.92,41,7
2026-08-24,87,The Black Gate (Borderless) (Surge Foil),42,49.17,43.48,9
2026-08-24,88,"Minas Morgul, Dark Fortress (Borderless) (Surge Foil)",40,42.42,38.6,17
2026-08-24,89,Minas Tirith (Borderless) (Surge Foil),19.67,21.14,23.42,6
2026-08-24,90,Mount Doom (Borderless) (Surge Foil),30,34.46,31.99,16
2026-08-24,91,Rivendell (Borderless) (Surge Foil),19.48,23.95,24.05,6
2026-08-24,92,The Shire (Borderless) (Surge Foil),16,17.76,19.16,11
2026-08-25,53,Dawn of a New Age (Borderless) (Surge Foil),13.21,15.1,18.98,9
2026-08-25,54,Flowering of the White Tree (Borderless) (Surge Foil),34.75,39.12,43.93,14
2026-08-25,55,The Gaffer (Borderless) (Surge Foil),25,30.21,33.23,15
2026-08-25,56,Galadriel's Dismissal (Borderless) (Surge Foil),96.35,99.63,101.29,12
2026-08-25,57,Reprieve (Borderless) (Surge Foil),13.49,15.49,15.49,9
2026-08-25,58,Raise the Palisade (Borderless) (Surge Foil),25.75,27.39,26.63,8
2026-08-25,59,Orcish Bowmasters (Borderless) (Surge Foil),194.99,201.33,199.99,15
2026-08-25,60,Witch-king of Angmar (Borderless) (Surge Foil),39.99,42.99,46.16,8
2026-08-25,61,"Witch-king, Bringer of Ruin (Borderless) (Surge Foil)",62.39,72.16,73.48,24
2026-08-25,62,Call Forth the Tempest (Borderless) (Surge Foil),35,44.08,42,15
2026-08-25,63,Cavern-Hoard Dragon (Borderless) (Surge Foil),64.49,68.52,74.79,3
2026-08-25,64,"Arwen, Weaver of Hope (Borderless) (Surge Foil)",34.5,36.16,39.48,5
2026-08-25,65,Delighted Halfling (Borderless) (Surge Foil),54.99,61.07,61.05,14
2026-08-25,66,Elven Chorus (Borderless) (Surge Foil),14.26,19.35,19.24,12
2026-08-25,67,Last March of the Ents (Borderless) (Surge Foil),53.89,62.52,61.65,10
2026-08-25,68,"Aragorn and Arwen, Wed (Borderless) (Surge Foil)",14.67,16.88,14.65,14
2026-08-25,69,"Aragorn, the Uniter (Borderless) (Surge Foil)",33.55,35.94,29.99,17
2026-08-25,70,"Arwen, Mortal Queen (Borderless) (Surge Foil)",24.99,28.39,28.17,9
2026-08-25,71,Flame of Anor (Borderless) (Surge Foil),24.49,27.62,26.07,12
2026-08-25,72,"Galadriel, Light of Valinor (Borderless) (Surge Foil)",147.8,196.81,206.11,3
2026-08-25,73,"Grima, Saruman's Footman (Borderless) (Surge Foil)",11.99,13.83,14.52,9
2026-08-25,74,"Lotho, Corrupt Shirriff (Borderless) (Surge Foil)",37.5,44.09,45,17
2026-08-25,75,Saruman of Many Colors (Borderless) (Surge Foil),23,25.63,25.63,19
2026-08-25,76,"Sauron, the Dark Lord (Borderless) (Surge Foil)",139.99,154.11,147.5,19
2026-08-25,77,"Sauron, the Lidless Eye (Borderless) (Surge Foil)",21.65,22.95,22,9
2026-08-25,78,Tom Bombadil (Borderless) (Surge Foil),58,62.43,63,9
2026-08-25,79,"Anduril, Flame of the West (Borderless) (Surge Foil)",10.21,16.9,16.9,16
2026-08-25,80,"Anduril, Narsil Reforged (Borderless) (Surge Foil)",24.7,28.95,23.64,19
2026-08-25,81,Bilbo's Ring (Borderless) (Surge Foil),19,23.81,21.84,13
2026-08-25,82,Glamdring (Borderless) (Surge Foil),19.99,22.2,22.2,23
2026-08-25,83,Mithril Coat (Borderless) (Surge Foil),62,66.29,73.67,6
2026-08-25,84,The One Ring (Borderless) (Surge Foil),430,524.63,795.99,1
2026-08-25,85,Palantir of Orthanc (Borderless) (Surge Foil),76.3,84.24,85.53,12
2026-08-25,86,Relic of Sauron (Borderless) (Surge Foil),39,42.89,42,2
2026-08-25,87,The Black Gate (Borderless) (Surge Foil),42,48.05,43.47,8
2026-08-25,88,"Minas Morgul, Dark Fortress (Borderless) (Surge Foil)",40,42.17,38.6,14
2026-08-25,89,Minas Tirith (Borderless) (Surge Foil),19.67,21.22,37,6
2026-08-25,90,Mount Doom (Borderless) (Surge Foil),30,34.07,31.94,17
2026-08-25,91,Rivendell (Borderless) (Surge Foil),19.48,23.75,23.95,7
2026-08-25,92,The Shire (Borderless) (Surge Foil),17,17.89,19.33,10
2026-08-26,53,Dawn of a New Age (Borderless) (Surge Foil),13.21,15.39,18.98,9
2026-08-26,54,Flowering of the White Tree (Borderless) (Surge Foil),34.75,39.05,42.5,14
2026-08-26,55,The Gaffer (Borderless) (Surge Foil),25,29.97,31.18,14
2026-08-26,56,Galadriel's Dismissal (Borderless) (Surge Foil),90,99.6,99.98,11
2026-08-26,57,Reprieve (Borderless) (Surge Foil),13.49,15.71,15.48,9
2026-08-26,58,Raise the Palisade (Borderless) (Surge Foil),25.75,27.22,26.05,8
2026-08-26,59,Orcish Bowmasters (Borderless) (Surge Foil),187.98,200.75,198.75,13
2026-08-26,60,Witch-king of Angmar (Borderless) (Surge Foil),39.49,45.02,42.99,11
2026-08-26,61,"Witch-king, Bringer of Ruin (Borderless) (Surge Foil)",62.39,71.59,70.62,23
2026-08-26,62,Call Forth the Tempest (Borderless) (Surge Foil),35,43.02,42,15
2026-08-26,63,Cavern-Hoard Dragon (Borderless) (Surge Foil),64.49,68.9,65.03,3
2026-08-26,64,"Arwen, Weaver of Hope (Borderless) (Surge Foil)",34.5,36.22,38.68,7
2026-08-26,65,Delighted Halfling (Borderless) (Surge Foil),54.99,61.13,61.67,14
2026-08-26,66,Elven Chorus (Borderless) (Surge Foil),14.27,19.87,19.24,11
2026-08-26,67,Last March of the Ents (Borderless) (Surge Foil),57.5,62.88,62.38,9
2026-08-26,68,"Aragorn and Arwen, Wed (Borderless) (Surge Foil)",14.68,16.58,14.65,14
2026-08-26,69,"Aragorn, the Uniter (Borderless) (Surge Foil)",33.49,35.96,29.99,20
2026-08-26,70,"Arwen, Mortal Queen (Borderless) (Surge Foil)",22.33,27.54,27.45,11
2026-08-26,71,Flame of Anor (Borderless) (Surge Foil),24.49,27.72,26.07,12
2026-08-26,72,"Galadriel, Light of Valinor (Borderless) (Surge Foil)",149.99,213.44,231,2
2026-08-26,73,"Grima, Saruman's Footman (Borderless) (Surge Foil)",11.7,13.61,14.49,9
2026-08-26,74,"Lotho, Corrupt Shirriff (Borderless) (Surge Foil)",37.5,43.44,44.05,19
2026-08-26,75,Saruman of Many Colors (Borderless) (Surge Foil),23,25.73,25.61,19
2026-08-26,76,"Sauron, the Dark Lord (Borderless) (Surge Foil)",139.99,153.81,145.5,19
2026-08-26,77,"Sauron, the Lidless Eye (Borderless) (Surge Foil)",21.65,22.87,18.57,9
2026-08-26,78,Tom Bombadil (Borderless) (Surge Foil),60,63.33,62.99,9
2026-08-26,79,"Anduril, Flame of the West (Borderless) (Surge Foil)",9.21,13.86,14.43,14
2026-08-26,80,"Anduril, Narsil Reforged (Borderless) (Surge Foil)",24.7,28.79,22,18
2026-08-26,81,Bilbo's Ring (Borderless) (Surge Foil),16.74,22.3,20.58,15
2026-08-26,82,Glamdring (Borderless) (Surge Foil),19.99,22.2,22.19,22
2026-08-26,83,Mithril Coat (Borderless) (Surge Foil),62,66.27,66.3,6
2026-08-26,84,The One Ring (Borderless) (Surge Foil),435.41,554.11,795.99,1
2026-08-26,85,Palantir of Orthanc (Borderless) (Surge Foil),70,80.65,84.99,12
2026-08-26,86,Relic of Sauron (Borderless) (Surge Foil),39,42.73,42,3
2026-08-26,87,The Black Gate (Borderless) (Surge Foil),42,48.05,43.47,8
2026-08-26,88,"Minas Morgul, Dark Fortress (Borderless) (Surge Foil)",40,42.18,37.98,15
2026-08-26,89,Minas Tirith (Borderless) (Surge Foil),19.96,21.54,34.99,7
2026-08-26,90,Mount Doom (Borderless) (Surge Foil),30,33.38,31.56,16
2026-08-26,91,Rivendell (Borderless) (Surge Foil),19.48,23.74,23.51,9
2026-08-26,92,The Shire (Borderless) (Surge Foil),17,17.83,19.35,9
2026-08-27,53,Dawn of a New Age (Borderless) (Surge Foil),13.21,15.7,17,8
2026-08-27,54,Flowering of the White Tree (Borderless) (Surge Foil),35.74,39.1,37.09,15
2026-08-27,55,The Gaffer (Borderless) (Surge Foil),25,29.02,27.86,15
2026-08-27,56,Galadriel's Dismissal (Borderless) (Surge Foil),90,99.47,94.9,12
2026-08-27,57,Reprieve (Borderless) (Surge Foil),13.69,15.69,14.9,7
2026-08-27,58,Raise the Palisade (Borderless) (Surge Foil),25.75,27.2,25.52,11
2026-08-27,59,Orcish Bowmasters (Borderless) (Surge Foil),185,198.59,196.59,17
2026-08-27,60,Witch-king of Angmar (Borderless) (Surge Foil),39.49,46.76,43.99,11
2026-08-27,61,"Witch-king, Bringer of Ruin (Borderless) (Surge Foil)",60,68.27,65.31,23
2026-08-27,62,Call Forth the Tempest (Borderless) (Surge Foil),34.69,39.94,40,17
2026-08-27,63,Cavern-Hoard Dragon (Borderless) (Surge Foil),64.49,69.05,64.82,7
2026-08-27,64,"Arwen, Weaver of Hope (Borderless) (Surge Foil)",34.95,36.6,38.26,7
2026-08-27,65,Delighted Halfling (Borderless) (Surge Foil),56.5,60.28,61.67,14
2026-08-27,66,Elven Chorus (Borderless) (Surge Foil),18.25,20.05,19.04,11
2026-08-27,67,Last March of the Ents (Borderless) (Surge Foil),59.48,63.54,61.75,11
2026-08-27,68,"Aragorn and Arwen, Wed (Borderless) (Surge Foil)",15.89,16.73,14.25,17
2026-08-27,69,"Aragorn, the Uniter (Borderless) (Surge Foil)",32.89,35.94,31.75,19
2026-08-27,70,"Arwen, Mortal Queen (Borderless) (Surge Foil)",22.33,27.48,25.99,11
2026-08-27,71,Flame of Anor (Borderless) (Surge Foil),24.49,27.19,25.93,13
2026-08-27,72,"Galadriel, Light of Valinor (Borderless) (Surge Foil)",174,224.94,230,3
2026-08-27,73,"Grima, Saruman's Footman (Borderless) (Surge Foil)",11.7,13.26,12.59,11
2026-08-27,74,"Lotho, Corrupt Shirriff (Borderless) (Surge Foil)",35.97,40.71,39.13,19
2026-08-27,75,Saruman of Many Colors (Borderless) (Surge Foil),23,25.5,24.12,22
2026-08-27,76,"Sauron, the Dark Lord (Borderless) (Surge Foil)",139.99,151.69,145.35,20
2026-08-27,77,"Sauron, the Lidless Eye (Borderless) (Surge Foil)",21.65,22.8,20,6
2026-08-27,78,Tom Bombadil (Borderless) (Surge Foil),60,63.97,62.78,11
2026-08-27,79,"Anduril, Flame of the West (Borderless) (Surge Foil)",9.21,12.61,13.12,14
2026-08-27,80,"Anduril, Narsil Reforged (Borderless) (Surge Foil)",19.99,26.87,19,16
2026-08-27,81,Bilbo's Ring (Borderless) (Surge Foil),16.74,21.18,19.42,15
2026-08-27,82,Glamdring (Borderless) (Surge Foil),18,22.03,18.24,22
2026-08-27,83,Mithril Coat (Borderless) (Surge Foil),62,66.48,66.5,6
2026-08-27,84,The One Ring (Borderless) (Surge Foil),435.41,560.05,795.99,1
2026-08-27,85,Palantir of Orthanc (Borderless) (Surge Foil),65,76.92,77.99,11
2026-08-27,86,Relic of Sauron (Borderless) (Surge Foil),39,42.63,42,3
2026-08-27,87,The Black Gate (Borderless) (Surge Foil),40,44.8,43.02,7
2026-08-27,88,"Minas Morgul, Dark Fortress (Borderless) (Surge Foil)",39.5,41.95,37.97,17
2026-08-27,89,Minas Tirith (Borderless) (Surge Foil),19.96,21.47,30,7
2026-08-27,90,Mount Doom (Borderless) (Surge Foil),30,32.8,31.55,15
2026-08-27,91,Rivendell (Borderless) (Surge Foil),19.48,23.66,22.53,9
2026-08-27,92,The Shire (Borderless) (Surge Foil),17,18.09,19.54,10
